t,variable,order,source,value
0,x,0,supervisor,0.0
0,x,1,supervisor,0.0
0,y,0,supervisor,1.225
0,y,1,supervisor,0.0
0,z,0,supervisor,1.025
0,z,1,supervisor,0.0
0.008,x,0,supervisor,0.0
0.008,x,1,supervisor,0.0
0.008,y,0,supervisor,1.225
0.008,y,1,supervisor,0.0
0.008,z,0,supervisor,1.025
0.008,z,1,supervisor,0.0
0.016,x,0,supervisor,0.0
0.016,x,1,supervisor,0.0
0.016,y,0,supervisor,1.225
0.016,y,1,supervisor,0.0
0.016,z,0,supervisor,1.025
0.016,z,1,supervisor,0.0
0.024,x,0,supervisor,0.0
0.024,x,1,supervisor,0.0
0.024,y,0,supervisor,1.225
0.024,y,1,supervisor,0.0
0.024,z,0,supervisor,1.025
0.024,z,1,supervisor,0.0
0.032,x,0,supervisor,0.0
0.032,x,1,supervisor,0.0
0.032,y,0,supervisor,1.225
0.032,y,1,supervisor,0.0
0.032,z,0,supervisor,1.025
0.032,z,1,supervisor,0.0
0.04,x,0,supervisor,0.0
0.04,x,1,supervisor,0.0
0.04,y,0,supervisor,1.225
0.04,y,1,supervisor,0.0
0.04,z,0,supervisor,1.025
0.04,z,1,supervisor,0.0
0.048,x,0,supervisor,0.0
0.048,x,1,supervisor,0.0
0.048,y,0,supervisor,1.225
0.048,y,1,supervisor,0.0
0.048,z,0,supervisor,1.025
0.048,z,1,supervisor,0.0
0.056,x,0,supervisor,0.0
0.056,x,1,supervisor,0.0
0.056,y,0,supervisor,1.225
0.056,y,1,supervisor,0.0
0.056,z,0,supervisor,1.025
0.056,z,1,supervisor,0.0
0.064,x,0,supervisor,0.0
0.064,x,1,supervisor,0.0
0.064,y,0,supervisor,1.225
0.064,y,1,supervisor,0.0
0.064,z,0,supervisor,1.025
0.064,z,1,supervisor,0.0
0.07200000000000001,x,0,supervisor,0.0
0.07200000000000001,x,1,supervisor,0.0
0.07200000000000001,y,0,supervisor,1.225
0.07200000000000001,y,1,supervisor,0.0
0.07200000000000001,z,0,supervisor,1.025
0.07200000000000001,z,1,supervisor,0.0
0.08000000000000002,x,0,supervisor,0.0
0.08000000000000002,x,1,supervisor,0.0
0.08000000000000002,y,0,supervisor,1.225
0.08000000000000002,y,1,supervisor,0.0
0.08000000000000002,z,0,supervisor,1.025
0.08000000000000002,z,1,supervisor,0.0
0.08800000000000002,x,0,supervisor,0.0
0.08800000000000002,x,1,supervisor,0.0
0.08800000000000002,y,0,supervisor,1.225
0.08800000000000002,y,1,supervisor,0.0
0.08800000000000002,z,0,supervisor,1.025
0.08800000000000002,z,1,supervisor,0.0
0.09600000000000003,x,0,supervisor,0.0
0.09600000000000003,x,1,supervisor,0.0
0.09600000000000003,y,0,supervisor,1.225
0.09600000000000003,y,1,supervisor,0.0
0.09600000000000003,z,0,supervisor,1.025
0.09600000000000003,z,1,supervisor,0.0
0.10400000000000004,x,0,supervisor,0.0
0.10400000000000004,x,1,supervisor,0.0
0.10400000000000004,y,0,supervisor,1.225
0.10400000000000004,y,1,supervisor,0.0
0.10400000000000004,z,0,supervisor,1.025
0.10400000000000004,z,1,supervisor,0.0
0.11200000000000004,x,0,supervisor,0.0
0.11200000000000004,x,1,supervisor,0.0
0.11200000000000004,y,0,supervisor,1.225
0.11200000000000004,y,1,supervisor,0.0
0.11200000000000004,z,0,supervisor,1.025
0.11200000000000004,z,1,supervisor,0.0
0.12000000000000005,x,0,supervisor,0.0
0.12000000000000005,x,1,supervisor,0.0
0.12000000000000005,y,0,supervisor,1.225
0.12000000000000005,y,1,supervisor,0.0
0.12000000000000005,z,0,supervisor,1.025
0.12000000000000005,z,1,supervisor,0.0
0.12800000000000006,x,0,supervisor,0.0
0.12800000000000006,x,1,supervisor,0.0
0.12800000000000006,y,0,supervisor,1.225
0.12800000000000006,y,1,supervisor,0.0
0.12800000000000006,z,0,supervisor,1.025
0.12800000000000006,z,1,supervisor,0.0
0.13600000000000007,x,0,supervisor,0.0
0.13600000000000007,x,1,supervisor,0.0
0.13600000000000007,y,0,supervisor,1.225
0.13600000000000007,y,1,supervisor,0.0
0.13600000000000007,z,0,supervisor,1.025
0.13600000000000007,z,1,supervisor,0.0
0.14400000000000007,x,0,supervisor,0.0
0.14400000000000007,x,1,supervisor,0.0
0.14400000000000007,y,0,supervisor,1.225
0.14400000000000007,y,1,supervisor,0.0
0.14400000000000007,z,0,supervisor,1.025
0.14400000000000007,z,1,supervisor,0.0
0.15200000000000008,x,0,supervisor,0.0
0.15200000000000008,x,1,supervisor,0.0
0.15200000000000008,y,0,supervisor,1.225
0.15200000000000008,y,1,supervisor,0.0
0.15200000000000008,z,0,supervisor,1.025
0.15200000000000008,z,1,supervisor,0.0
0.1600000000000001,x,0,supervisor,0.0
0.1600000000000001,x,1,supervisor,0.0
0.1600000000000001,y,0,supervisor,1.225
0.1600000000000001,y,1,supervisor,0.0
0.1600000000000001,z,0,supervisor,1.025
0.1600000000000001,z,1,supervisor,0.0
0.1680000000000001,x,0,supervisor,0.0
0.1680000000000001,x,1,supervisor,0.0
0.1680000000000001,y,0,supervisor,1.225
0.1680000000000001,y,1,supervisor,0.0
0.1680000000000001,z,0,supervisor,1.025
0.1680000000000001,z,1,supervisor,0.0
0.1760000000000001,x,0,supervisor,0.0
0.1760000000000001,x,1,supervisor,0.0
0.1760000000000001,y,0,supervisor,1.225
0.1760000000000001,y,1,supervisor,0.0
0.1760000000000001,z,0,supervisor,1.025
0.1760000000000001,z,1,supervisor,0.0
0.1840000000000001,x,0,supervisor,0.0
0.1840000000000001,x,1,supervisor,0.0
0.1840000000000001,y,0,supervisor,1.225
0.1840000000000001,y,1,supervisor,0.0
0.1840000000000001,z,0,supervisor,1.025
0.1840000000000001,z,1,supervisor,0.0
0.19200000000000012,x,0,supervisor,0.0
0.19200000000000012,x,1,supervisor,0.0
0.19200000000000012,y,0,supervisor,1.225
0.19200000000000012,y,1,supervisor,0.0
0.19200000000000012,z,0,supervisor,1.025
0.19200000000000012,z,1,supervisor,0.0
0.20000000000000012,x,0,supervisor,0.0
0.20000000000000012,x,1,supervisor,0.0
0.20000000000000012,y,0,supervisor,1.225
0.20000000000000012,y,1,supervisor,0.0
0.20000000000000012,z,0,supervisor,1.025
0.20000000000000012,z,1,supervisor,0.0
0.20800000000000013,x,0,supervisor,0.0
0.20800000000000013,x,1,supervisor,0.0
0.20800000000000013,y,0,supervisor,1.225
0.20800000000000013,y,1,supervisor,0.0
0.20800000000000013,z,0,supervisor,1.025
0.20800000000000013,z,1,supervisor,0.0
0.21600000000000014,x,0,supervisor,0.0
0.21600000000000014,x,1,supervisor,0.0
0.21600000000000014,y,0,supervisor,1.225
0.21600000000000014,y,1,supervisor,0.0
0.21600000000000014,z,0,supervisor,1.025
0.21600000000000014,z,1,supervisor,0.0
0.22400000000000014,x,0,supervisor,0.0
0.22400000000000014,x,1,supervisor,0.0
0.22400000000000014,y,0,supervisor,1.225
0.22400000000000014,y,1,supervisor,0.0
0.22400000000000014,z,0,supervisor,1.025
0.22400000000000014,z,1,supervisor,0.0
0.23200000000000015,x,0,supervisor,0.0
0.23200000000000015,x,1,supervisor,0.0
0.23200000000000015,y,0,supervisor,1.225
0.23200000000000015,y,1,supervisor,0.0
0.23200000000000015,z,0,supervisor,1.025
0.23200000000000015,z,1,supervisor,0.0
0.24000000000000016,x,0,supervisor,0.0
0.24000000000000016,x,1,supervisor,0.0
0.24000000000000016,y,0,supervisor,1.225
0.24000000000000016,y,1,supervisor,0.0
0.24000000000000016,z,0,supervisor,1.025
0.24000000000000016,z,1,supervisor,0.0
0.24800000000000016,x,0,supervisor,0.0
0.24800000000000016,x,1,supervisor,0.0
0.24800000000000016,y,0,supervisor,1.225
0.24800000000000016,y,1,supervisor,0.0
0.24800000000000016,z,0,supervisor,1.025
0.24800000000000016,z,1,supervisor,0.0
0.25600000000000017,x,0,supervisor,0.0
0.25600000000000017,x,1,supervisor,0.0
0.25600000000000017,y,0,supervisor,1.225
0.25600000000000017,y,1,supervisor,0.0
0.25600000000000017,z,0,supervisor,1.025
0.25600000000000017,z,1,supervisor,0.0
0.2640000000000002,x,0,supervisor,0.0
0.2640000000000002,x,1,supervisor,0.0
0.2640000000000002,y,0,supervisor,1.225
0.2640000000000002,y,1,supervisor,0.0
0.2640000000000002,z,0,supervisor,1.025
0.2640000000000002,z,1,supervisor,0.0
0.2720000000000002,x,0,supervisor,0.0
0.2720000000000002,x,1,supervisor,0.0
0.2720000000000002,y,0,supervisor,1.225
0.2720000000000002,y,1,supervisor,0.0
0.2720000000000002,z,0,supervisor,1.025
0.2720000000000002,z,1,supervisor,0.0
0.2800000000000002,x,0,supervisor,0.0
0.2800000000000002,x,1,supervisor,0.0
0.2800000000000002,y,0,supervisor,1.225
0.2800000000000002,y,1,supervisor,0.0
0.2800000000000002,z,0,supervisor,1.025
0.2800000000000002,z,1,supervisor,0.0
0.2880000000000002,x,0,supervisor,0.0
0.2880000000000002,x,1,supervisor,0.0
0.2880000000000002,y,0,supervisor,1.225
0.2880000000000002,y,1,supervisor,0.0
0.2880000000000002,z,0,supervisor,1.025
0.2880000000000002,z,1,supervisor,0.0
0.2960000000000002,x,0,supervisor,0.0
0.2960000000000002,x,1,supervisor,0.0
0.2960000000000002,y,0,supervisor,1.225
0.2960000000000002,y,1,supervisor,0.0
0.2960000000000002,z,0,supervisor,1.025
0.2960000000000002,z,1,supervisor,0.0
0.3040000000000002,x,0,supervisor,0.0
0.3040000000000002,x,1,supervisor,0.0
0.3040000000000002,y,0,supervisor,1.225
0.3040000000000002,y,1,supervisor,0.0
0.3040000000000002,z,0,supervisor,1.025
0.3040000000000002,z,1,supervisor,0.0
0.3120000000000002,x,0,supervisor,0.0
0.3120000000000002,x,1,supervisor,0.0
0.3120000000000002,y,0,supervisor,1.225
0.3120000000000002,y,1,supervisor,0.0
0.3120000000000002,z,0,supervisor,1.025
0.3120000000000002,z,1,supervisor,0.0
0.32000000000000023,x,0,supervisor,0.0
0.32000000000000023,x,1,supervisor,0.0
0.32000000000000023,y,0,supervisor,1.225
0.32000000000000023,y,1,supervisor,0.0
0.32000000000000023,z,0,supervisor,1.025
0.32000000000000023,z,1,supervisor,0.0
0.32800000000000024,x,0,supervisor,0.0
0.32800000000000024,x,1,supervisor,0.0
0.32800000000000024,y,0,supervisor,1.225
0.32800000000000024,y,1,supervisor,0.0
0.32800000000000024,z,0,supervisor,1.025
0.32800000000000024,z,1,supervisor,0.0
0.33600000000000024,x,0,supervisor,0.0
0.33600000000000024,x,1,supervisor,0.0
0.33600000000000024,y,0,supervisor,1.225
0.33600000000000024,y,1,supervisor,0.0
0.33600000000000024,z,0,supervisor,1.025
0.33600000000000024,z,1,supervisor,0.0
0.34400000000000025,x,0,supervisor,0.0
0.34400000000000025,x,1,supervisor,0.0
0.34400000000000025,y,0,supervisor,1.225
0.34400000000000025,y,1,supervisor,0.0
0.34400000000000025,z,0,supervisor,1.025
0.34400000000000025,z,1,supervisor,0.0
0.35200000000000026,x,0,supervisor,0.0
0.35200000000000026,x,1,supervisor,0.0
0.35200000000000026,y,0,supervisor,1.225
0.35200000000000026,y,1,supervisor,0.0
0.35200000000000026,z,0,supervisor,1.025
0.35200000000000026,z,1,supervisor,0.0
0.36000000000000026,x,0,supervisor,0.0
0.36000000000000026,x,1,supervisor,0.0
0.36000000000000026,y,0,supervisor,1.225
0.36000000000000026,y,1,supervisor,0.0
0.36000000000000026,z,0,supervisor,1.025
0.36000000000000026,z,1,supervisor,0.0
0.36800000000000027,x,0,supervisor,0.0
0.36800000000000027,x,1,supervisor,0.0
0.36800000000000027,y,0,supervisor,1.225
0.36800000000000027,y,1,supervisor,0.0
0.36800000000000027,z,0,supervisor,1.025
0.36800000000000027,z,1,supervisor,0.0
0.3760000000000003,x,0,supervisor,0.0
0.3760000000000003,x,1,supervisor,0.0
0.3760000000000003,y,0,supervisor,1.225
0.3760000000000003,y,1,supervisor,0.0
0.3760000000000003,z,0,supervisor,1.025
0.3760000000000003,z,1,supervisor,0.0
0.3840000000000003,x,0,supervisor,0.0
0.3840000000000003,x,1,supervisor,0.0
0.3840000000000003,y,0,supervisor,1.225
0.3840000000000003,y,1,supervisor,0.0
0.3840000000000003,z,0,supervisor,1.025
0.3840000000000003,z,1,supervisor,0.0
0.3920000000000003,x,0,supervisor,0.0
0.3920000000000003,x,1,supervisor,0.0
0.3920000000000003,y,0,supervisor,1.225
0.3920000000000003,y,1,supervisor,0.0
0.3920000000000003,z,0,supervisor,1.025
0.3920000000000003,z,1,supervisor,0.0
0.4000000000000003,x,0,supervisor,0.0
0.4000000000000003,x,1,supervisor,0.0
0.4000000000000003,y,0,supervisor,1.225
0.4000000000000003,y,1,supervisor,0.0
0.4000000000000003,z,0,supervisor,1.025
0.4000000000000003,z,1,supervisor,0.0
0.4080000000000003,x,0,supervisor,0.0
0.4080000000000003,x,1,supervisor,0.0
0.4080000000000003,y,0,supervisor,1.225
0.4080000000000003,y,1,supervisor,0.0
0.4080000000000003,z,0,supervisor,1.025
0.4080000000000003,z,1,supervisor,0.0
0.4160000000000003,x,0,supervisor,0.0
0.4160000000000003,x,1,supervisor,0.0
0.4160000000000003,y,0,supervisor,1.225
0.4160000000000003,y,1,supervisor,0.0
0.4160000000000003,z,0,supervisor,1.025
0.4160000000000003,z,1,supervisor,0.0
0.4240000000000003,x,0,supervisor,0.0
0.4240000000000003,x,1,supervisor,0.0
0.4240000000000003,y,0,supervisor,1.225
0.4240000000000003,y,1,supervisor,0.0
0.4240000000000003,z,0,supervisor,1.025
0.4240000000000003,z,1,supervisor,0.0
0.43200000000000033,x,0,supervisor,0.0
0.43200000000000033,x,1,supervisor,0.0
0.43200000000000033,y,0,supervisor,1.225
0.43200000000000033,y,1,supervisor,0.0
0.43200000000000033,z,0,supervisor,1.025
0.43200000000000033,z,1,supervisor,0.0
0.44000000000000034,x,0,supervisor,0.0
0.44000000000000034,x,1,supervisor,0.0
0.44000000000000034,y,0,supervisor,1.225
0.44000000000000034,y,1,supervisor,0.0
0.44000000000000034,z,0,supervisor,1.025
0.44000000000000034,z,1,supervisor,0.0
0.44800000000000034,x,0,supervisor,0.0
0.44800000000000034,x,1,supervisor,0.0
0.44800000000000034,y,0,supervisor,1.225
0.44800000000000034,y,1,supervisor,0.0
0.44800000000000034,z,0,supervisor,1.025
0.44800000000000034,z,1,supervisor,0.0
0.45600000000000035,x,0,supervisor,0.0
0.45600000000000035,x,1,supervisor,0.0
0.45600000000000035,y,0,supervisor,1.225
0.45600000000000035,y,1,supervisor,0.0
0.45600000000000035,z,0,supervisor,1.025
0.45600000000000035,z,1,supervisor,0.0
0.46400000000000036,x,0,supervisor,0.0
0.46400000000000036,x,1,supervisor,0.0
0.46400000000000036,y,0,supervisor,1.225
0.46400000000000036,y,1,supervisor,0.0
0.46400000000000036,z,0,supervisor,1.025
0.46400000000000036,z,1,supervisor,0.0
0.47200000000000036,x,0,supervisor,0.0
0.47200000000000036,x,1,supervisor,0.0
0.47200000000000036,y,0,supervisor,1.225
0.47200000000000036,y,1,supervisor,0.0
0.47200000000000036,z,0,supervisor,1.025
0.47200000000000036,z,1,supervisor,0.0
0.48000000000000037,x,0,supervisor,0.0
0.48000000000000037,x,1,supervisor,0.0
0.48000000000000037,y,0,supervisor,1.225
0.48000000000000037,y,1,supervisor,0.0
0.48000000000000037,z,0,supervisor,1.025
0.48000000000000037,z,1,supervisor,0.0
0.4880000000000004,x,0,supervisor,0.0
0.4880000000000004,x,1,supervisor,0.0
0.4880000000000004,y,0,supervisor,1.225
0.4880000000000004,y,1,supervisor,0.0
0.4880000000000004,z,0,supervisor,1.025
0.4880000000000004,z,1,supervisor,0.0
0.4960000000000004,x,0,supervisor,0.0
0.4960000000000004,x,1,supervisor,0.0
0.4960000000000004,y,0,supervisor,1.225
0.4960000000000004,y,1,supervisor,0.0
0.4960000000000004,z,0,supervisor,1.025
0.4960000000000004,z,1,supervisor,0.0
0.5040000000000003,x,0,supervisor,0.0
0.5040000000000003,x,1,supervisor,0.0
0.5040000000000003,y,0,supervisor,1.225
0.5040000000000003,y,1,supervisor,0.0
0.5040000000000003,z,0,supervisor,1.025
0.5040000000000003,z,1,supervisor,0.0
0.5120000000000003,x,0,supervisor,0.0
0.5120000000000003,x,1,supervisor,0.0
0.5120000000000003,y,0,supervisor,1.225
0.5120000000000003,y,1,supervisor,0.0
0.5120000000000003,z,0,supervisor,1.025
0.5120000000000003,z,1,supervisor,0.0
0.5200000000000004,x,0,supervisor,0.0
0.5200000000000004,x,1,supervisor,0.0
0.5200000000000004,y,0,supervisor,1.225
0.5200000000000004,y,1,supervisor,0.0
0.5200000000000004,z,0,supervisor,1.025
0.5200000000000004,z,1,supervisor,0.0
0.5280000000000004,x,0,supervisor,0.0
0.5280000000000004,x,1,supervisor,0.0
0.5280000000000004,y,0,supervisor,1.225
0.5280000000000004,y,1,supervisor,0.0
0.5280000000000004,z,0,supervisor,1.025
0.5280000000000004,z,1,supervisor,0.0
0.5360000000000004,x,0,supervisor,0.0
0.5360000000000004,x,1,supervisor,0.0
0.5360000000000004,y,0,supervisor,1.225
0.5360000000000004,y,1,supervisor,0.0
0.5360000000000004,z,0,supervisor,1.025
0.5360000000000004,z,1,supervisor,0.0
0.5440000000000004,x,0,supervisor,0.0
0.5440000000000004,x,1,supervisor,0.0
0.5440000000000004,y,0,supervisor,1.225
0.5440000000000004,y,1,supervisor,0.0
0.5440000000000004,z,0,supervisor,1.025
0.5440000000000004,z,1,supervisor,0.0
0.5520000000000004,x,0,supervisor,0.0
0.5520000000000004,x,1,supervisor,0.0
0.5520000000000004,y,0,supervisor,1.225
0.5520000000000004,y,1,supervisor,0.0
0.5520000000000004,z,0,supervisor,1.025
0.5520000000000004,z,1,supervisor,0.0
0.5600000000000004,x,0,supervisor,0.0
0.5600000000000004,x,1,supervisor,0.0
0.5600000000000004,y,0,supervisor,1.225
0.5600000000000004,y,1,supervisor,0.0
0.5600000000000004,z,0,supervisor,1.025
0.5600000000000004,z,1,supervisor,0.0
0.5680000000000004,x,0,supervisor,0.0
0.5680000000000004,x,1,supervisor,0.0
0.5680000000000004,y,0,supervisor,1.225
0.5680000000000004,y,1,supervisor,0.0
0.5680000000000004,z,0,supervisor,1.025
0.5680000000000004,z,1,supervisor,0.0
0.5760000000000004,x,0,supervisor,0.0
0.5760000000000004,x,1,supervisor,0.0
0.5760000000000004,y,0,supervisor,1.225
0.5760000000000004,y,1,supervisor,0.0
0.5760000000000004,z,0,supervisor,1.025
0.5760000000000004,z,1,supervisor,0.0
0.5840000000000004,x,0,supervisor,0.0
0.5840000000000004,x,1,supervisor,0.0
0.5840000000000004,y,0,supervisor,1.225
0.5840000000000004,y,1,supervisor,0.0
0.5840000000000004,z,0,supervisor,1.025
0.5840000000000004,z,1,supervisor,0.0
0.5920000000000004,x,0,supervisor,0.0
0.5920000000000004,x,1,supervisor,0.0
0.5920000000000004,y,0,supervisor,1.225
0.5920000000000004,y,1,supervisor,0.0
0.5920000000000004,z,0,supervisor,1.025
0.5920000000000004,z,1,supervisor,0.0
0.6000000000000004,x,0,supervisor,0.0
0.6000000000000004,x,1,supervisor,0.0
0.6000000000000004,y,0,supervisor,1.225
0.6000000000000004,y,1,supervisor,0.0
0.6000000000000004,z,0,supervisor,1.025
0.6000000000000004,z,1,supervisor,0.0
0.6080000000000004,x,0,supervisor,0.0
0.6080000000000004,x,1,supervisor,0.0
0.6080000000000004,y,0,supervisor,1.225
0.6080000000000004,y,1,supervisor,0.0
0.6080000000000004,z,0,supervisor,1.025
0.6080000000000004,z,1,supervisor,0.0
0.6160000000000004,x,0,supervisor,0.0
0.6160000000000004,x,1,supervisor,0.0
0.6160000000000004,y,0,supervisor,1.225
0.6160000000000004,y,1,supervisor,0.0
0.6160000000000004,z,0,supervisor,1.025
0.6160000000000004,z,1,supervisor,0.0
0.6240000000000004,x,0,supervisor,0.0
0.6240000000000004,x,1,supervisor,0.0
0.6240000000000004,y,0,supervisor,1.225
0.6240000000000004,y,1,supervisor,0.0
0.6240000000000004,z,0,supervisor,1.025
0.6240000000000004,z,1,supervisor,0.0
0.6320000000000005,x,0,supervisor,0.0
0.6320000000000005,x,1,supervisor,0.0
0.6320000000000005,y,0,supervisor,1.225
0.6320000000000005,y,1,supervisor,0.0
0.6320000000000005,z,0,supervisor,1.025
0.6320000000000005,z,1,supervisor,0.0
0.6400000000000005,x,0,supervisor,0.0
0.6400000000000005,x,1,supervisor,0.0
0.6400000000000005,y,0,supervisor,1.225
0.6400000000000005,y,1,supervisor,0.0
0.6400000000000005,z,0,supervisor,1.025
0.6400000000000005,z,1,supervisor,0.0
0.6480000000000005,x,0,supervisor,0.0
0.6480000000000005,x,1,supervisor,0.0
0.6480000000000005,y,0,supervisor,1.225
0.6480000000000005,y,1,supervisor,0.0
0.6480000000000005,z,0,supervisor,1.025
0.6480000000000005,z,1,supervisor,0.0
0.6560000000000005,x,0,supervisor,0.0
0.6560000000000005,x,1,supervisor,0.0
0.6560000000000005,y,0,supervisor,1.225
0.6560000000000005,y,1,supervisor,0.0
0.6560000000000005,z,0,supervisor,1.025
0.6560000000000005,z,1,supervisor,0.0
0.6640000000000005,x,0,supervisor,0.0
0.6640000000000005,x,1,supervisor,0.0
0.6640000000000005,y,0,supervisor,1.225
0.6640000000000005,y,1,supervisor,0.0
0.6640000000000005,z,0,supervisor,1.025
0.6640000000000005,z,1,supervisor,0.0
0.6720000000000005,x,0,supervisor,0.0
0.6720000000000005,x,1,supervisor,0.0
0.6720000000000005,y,0,supervisor,1.225
0.6720000000000005,y,1,supervisor,0.0
0.6720000000000005,z,0,supervisor,1.025
0.6720000000000005,z,1,supervisor,0.0
0.6800000000000005,x,0,supervisor,0.0
0.6800000000000005,x,1,supervisor,0.0
0.6800000000000005,y,0,supervisor,1.225
0.6800000000000005,y,1,supervisor,0.0
0.6800000000000005,z,0,supervisor,1.025
0.6800000000000005,z,1,supervisor,0.0
0.6880000000000005,x,0,supervisor,0.0
0.6880000000000005,x,1,supervisor,0.0
0.6880000000000005,y,0,supervisor,1.225
0.6880000000000005,y,1,supervisor,0.0
0.6880000000000005,z,0,supervisor,1.025
0.6880000000000005,z,1,supervisor,0.0
0.6960000000000005,x,0,supervisor,0.0
0.6960000000000005,x,1,supervisor,0.0
0.6960000000000005,y,0,supervisor,1.225
0.6960000000000005,y,1,supervisor,0.0
0.6960000000000005,z,0,supervisor,1.025
0.6960000000000005,z,1,supervisor,0.0
0.7040000000000005,x,0,supervisor,0.0
0.7040000000000005,x,1,supervisor,0.0
0.7040000000000005,y,0,supervisor,1.225
0.7040000000000005,y,1,supervisor,0.0
0.7040000000000005,z,0,supervisor,1.025
0.7040000000000005,z,1,supervisor,0.0
0.7120000000000005,x,0,supervisor,0.0
0.7120000000000005,x,1,supervisor,0.0
0.7120000000000005,y,0,supervisor,1.225
0.7120000000000005,y,1,supervisor,0.0
0.7120000000000005,z,0,supervisor,1.025
0.7120000000000005,z,1,supervisor,0.0
0.7200000000000005,x,0,supervisor,0.0
0.7200000000000005,x,1,supervisor,0.0
0.7200000000000005,y,0,supervisor,1.225
0.7200000000000005,y,1,supervisor,0.0
0.7200000000000005,z,0,supervisor,1.025
0.7200000000000005,z,1,supervisor,0.0
0.7280000000000005,x,0,supervisor,0.0
0.7280000000000005,x,1,supervisor,0.0
0.7280000000000005,y,0,supervisor,1.225
0.7280000000000005,y,1,supervisor,0.0
0.7280000000000005,z,0,supervisor,1.025
0.7280000000000005,z,1,supervisor,0.0
0.7360000000000005,x,0,supervisor,0.0
0.7360000000000005,x,1,supervisor,0.0
0.7360000000000005,y,0,supervisor,1.225
0.7360000000000005,y,1,supervisor,0.0
0.7360000000000005,z,0,supervisor,1.025
0.7360000000000005,z,1,supervisor,0.0
0.7440000000000005,x,0,supervisor,0.0
0.7440000000000005,x,1,supervisor,0.0
0.7440000000000005,y,0,supervisor,1.225
0.7440000000000005,y,1,supervisor,0.0
0.7440000000000005,z,0,supervisor,1.025
0.7440000000000005,z,1,supervisor,0.0
0.7520000000000006,x,0,supervisor,0.0
0.7520000000000006,x,1,supervisor,0.0
0.7520000000000006,y,0,supervisor,1.225
0.7520000000000006,y,1,supervisor,0.0
0.7520000000000006,z,0,supervisor,1.025
0.7520000000000006,z,1,supervisor,0.0
0.7600000000000006,x,0,supervisor,0.0
0.7600000000000006,x,1,supervisor,0.0
0.7600000000000006,y,0,supervisor,1.225
0.7600000000000006,y,1,supervisor,0.0
0.7600000000000006,z,0,supervisor,1.025
0.7600000000000006,z,1,supervisor,0.0
0.7680000000000006,x,0,supervisor,0.0
0.7680000000000006,x,1,supervisor,0.0
0.7680000000000006,y,0,supervisor,1.225
0.7680000000000006,y,1,supervisor,0.0
0.7680000000000006,z,0,supervisor,1.025
0.7680000000000006,z,1,supervisor,0.0
0.7760000000000006,x,0,supervisor,0.0
0.7760000000000006,x,1,supervisor,0.0
0.7760000000000006,y,0,supervisor,1.225
0.7760000000000006,y,1,supervisor,0.0
0.7760000000000006,z,0,supervisor,1.025
0.7760000000000006,z,1,supervisor,0.0
0.7840000000000006,x,0,supervisor,0.0
0.7840000000000006,x,1,supervisor,0.0
0.7840000000000006,y,0,supervisor,1.225
0.7840000000000006,y,1,supervisor,0.0
0.7840000000000006,z,0,supervisor,1.025
0.7840000000000006,z,1,supervisor,0.0
0.7920000000000006,x,0,supervisor,0.0
0.7920000000000006,x,1,supervisor,0.0
0.7920000000000006,y,0,supervisor,1.225
0.7920000000000006,y,1,supervisor,0.0
0.7920000000000006,z,0,supervisor,1.025
0.7920000000000006,z,1,supervisor,0.0
0.8000000000000006,x,0,supervisor,0.0
0.8000000000000006,x,1,supervisor,0.0
0.8000000000000006,y,0,supervisor,1.225
0.8000000000000006,y,1,supervisor,0.0
0.8000000000000006,z,0,supervisor,1.025
0.8000000000000006,z,1,supervisor,0.0
0.8080000000000006,x,0,supervisor,0.0
0.8080000000000006,x,1,supervisor,0.0
0.8080000000000006,y,0,supervisor,1.225
0.8080000000000006,y,1,supervisor,0.0
0.8080000000000006,z,0,supervisor,1.025
0.8080000000000006,z,1,supervisor,0.0
0.8160000000000006,x,0,supervisor,0.0
0.8160000000000006,x,1,supervisor,0.0
0.8160000000000006,y,0,supervisor,1.225
0.8160000000000006,y,1,supervisor,0.0
0.8160000000000006,z,0,supervisor,1.025
0.8160000000000006,z,1,supervisor,0.0
0.8240000000000006,x,0,supervisor,0.0
0.8240000000000006,x,1,supervisor,0.0
0.8240000000000006,y,0,supervisor,1.225
0.8240000000000006,y,1,supervisor,0.0
0.8240000000000006,z,0,supervisor,1.025
0.8240000000000006,z,1,supervisor,0.0
0.8320000000000006,x,0,supervisor,0.0
0.8320000000000006,x,1,supervisor,0.0
0.8320000000000006,y,0,supervisor,1.225
0.8320000000000006,y,1,supervisor,0.0
0.8320000000000006,z,0,supervisor,1.025
0.8320000000000006,z,1,supervisor,0.0
0.8400000000000006,x,0,supervisor,0.0
0.8400000000000006,x,1,supervisor,0.0
0.8400000000000006,y,0,supervisor,1.225
0.8400000000000006,y,1,supervisor,0.0
0.8400000000000006,z,0,supervisor,1.025
0.8400000000000006,z,1,supervisor,0.0
0.8480000000000006,x,0,supervisor,0.0
0.8480000000000006,x,1,supervisor,0.0
0.8480000000000006,y,0,supervisor,1.225
0.8480000000000006,y,1,supervisor,0.0
0.8480000000000006,z,0,supervisor,1.025
0.8480000000000006,z,1,supervisor,0.0
0.8560000000000006,x,0,supervisor,0.0
0.8560000000000006,x,1,supervisor,0.0
0.8560000000000006,y,0,supervisor,1.225
0.8560000000000006,y,1,supervisor,0.0
0.8560000000000006,z,0,supervisor,1.025
0.8560000000000006,z,1,supervisor,0.0
0.8640000000000007,x,0,supervisor,0.0
0.8640000000000007,x,1,supervisor,0.0
0.8640000000000007,y,0,supervisor,1.225
0.8640000000000007,y,1,supervisor,0.0
0.8640000000000007,z,0,supervisor,1.025
0.8640000000000007,z,1,supervisor,0.0
0.8720000000000007,x,0,supervisor,0.0
0.8720000000000007,x,1,supervisor,0.0
0.8720000000000007,y,0,supervisor,1.225
0.8720000000000007,y,1,supervisor,0.0
0.8720000000000007,z,0,supervisor,1.025
0.8720000000000007,z,1,supervisor,0.0
0.8800000000000007,x,0,supervisor,0.0
0.8800000000000007,x,1,supervisor,0.0
0.8800000000000007,y,0,supervisor,1.225
0.8800000000000007,y,1,supervisor,0.0
0.8800000000000007,z,0,supervisor,1.025
0.8800000000000007,z,1,supervisor,0.0
0.8880000000000007,x,0,supervisor,0.0
0.8880000000000007,x,1,supervisor,0.0
0.8880000000000007,y,0,supervisor,1.225
0.8880000000000007,y,1,supervisor,0.0
0.8880000000000007,z,0,supervisor,1.025
0.8880000000000007,z,1,supervisor,0.0
0.8960000000000007,x,0,supervisor,0.0
0.8960000000000007,x,1,supervisor,0.0
0.8960000000000007,y,0,supervisor,1.225
0.8960000000000007,y,1,supervisor,0.0
0.8960000000000007,z,0,supervisor,1.025
0.8960000000000007,z,1,supervisor,0.0
0.9040000000000007,x,0,supervisor,0.0
0.9040000000000007,x,1,supervisor,0.0
0.9040000000000007,y,0,supervisor,1.225
0.9040000000000007,y,1,supervisor,0.0
0.9040000000000007,z,0,supervisor,1.025
0.9040000000000007,z,1,supervisor,0.0
0.9120000000000007,x,0,supervisor,0.0
0.9120000000000007,x,1,supervisor,0.0
0.9120000000000007,y,0,supervisor,1.225
0.9120000000000007,y,1,supervisor,0.0
0.9120000000000007,z,0,supervisor,1.025
0.9120000000000007,z,1,supervisor,0.0
0.9200000000000007,x,0,supervisor,0.0
0.9200000000000007,x,1,supervisor,0.0
0.9200000000000007,y,0,supervisor,1.225
0.9200000000000007,y,1,supervisor,0.0
0.9200000000000007,z,0,supervisor,1.025
0.9200000000000007,z,1,supervisor,0.0
0.9280000000000007,x,0,supervisor,0.0
0.9280000000000007,x,1,supervisor,0.0
0.9280000000000007,y,0,supervisor,1.225
0.9280000000000007,y,1,supervisor,0.0
0.9280000000000007,z,0,supervisor,1.025
0.9280000000000007,z,1,supervisor,0.0
0.9360000000000007,x,0,supervisor,0.0
0.9360000000000007,x,1,supervisor,0.0
0.9360000000000007,y,0,supervisor,1.225
0.9360000000000007,y,1,supervisor,0.0
0.9360000000000007,z,0,supervisor,1.025
0.9360000000000007,z,1,supervisor,0.0
0.9440000000000007,x,0,supervisor,0.0
0.9440000000000007,x,1,supervisor,0.0
0.9440000000000007,y,0,supervisor,1.225
0.9440000000000007,y,1,supervisor,0.0
0.9440000000000007,z,0,supervisor,1.025
0.9440000000000007,z,1,supervisor,0.0
0.9520000000000007,x,0,supervisor,0.0
0.9520000000000007,x,1,supervisor,0.0
0.9520000000000007,y,0,supervisor,1.225
0.9520000000000007,y,1,supervisor,0.0
0.9520000000000007,z,0,supervisor,1.025
0.9520000000000007,z,1,supervisor,0.0
0.9600000000000007,x,0,supervisor,0.0
0.9600000000000007,x,1,supervisor,0.0
0.9600000000000007,y,0,supervisor,1.225
0.9600000000000007,y,1,supervisor,0.0
0.9600000000000007,z,0,supervisor,1.025
0.9600000000000007,z,1,supervisor,0.0
0.9680000000000007,x,0,supervisor,0.0
0.9680000000000007,x,1,supervisor,0.0
0.9680000000000007,y,0,supervisor,1.225
0.9680000000000007,y,1,supervisor,0.0
0.9680000000000007,z,0,supervisor,1.025
0.9680000000000007,z,1,supervisor,0.0
0.9760000000000008,x,0,supervisor,0.0
0.9760000000000008,x,1,supervisor,0.0
0.9760000000000008,y,0,supervisor,1.225
0.9760000000000008,y,1,supervisor,0.0
0.9760000000000008,z,0,supervisor,1.025
0.9760000000000008,z,1,supervisor,0.0
0.9840000000000008,x,0,supervisor,0.0
0.9840000000000008,x,1,supervisor,0.0
0.9840000000000008,y,0,supervisor,1.225
0.9840000000000008,y,1,supervisor,0.0
0.9840000000000008,z,0,supervisor,1.025
0.9840000000000008,z,1,supervisor,0.0
0.9920000000000008,x,0,supervisor,0.0
0.9920000000000008,x,1,supervisor,0.0
0.9920000000000008,y,0,supervisor,1.225
0.9920000000000008,y,1,supervisor,0.0
0.9920000000000008,z,0,supervisor,1.025
0.9920000000000008,z,1,supervisor,0.0
1.0000000000000007,x,0,supervisor,0.0
1.0000000000000007,x,1,supervisor,0.0
1.0000000000000007,y,0,supervisor,1.225
1.0000000000000007,y,1,supervisor,0.0
1.0000000000000007,z,0,supervisor,1.025
1.0000000000000007,z,1,supervisor,0.0
1.0080000000000007,x,0,supervisor,0.0
1.0080000000000007,x,1,supervisor,0.0
1.0080000000000007,y,0,supervisor,1.225
1.0080000000000007,y,1,supervisor,0.0
1.0080000000000007,z,0,supervisor,1.025
1.0080000000000007,z,1,supervisor,0.0
1.0160000000000007,x,0,supervisor,0.0
1.0160000000000007,x,1,supervisor,0.0
1.0160000000000007,y,0,supervisor,1.225
1.0160000000000007,y,1,supervisor,0.0
1.0160000000000007,z,0,supervisor,1.025
1.0160000000000007,z,1,supervisor,0.0
1.0240000000000007,x,0,supervisor,0.0
1.0240000000000007,x,1,supervisor,0.0
1.0240000000000007,y,0,supervisor,1.225
1.0240000000000007,y,1,supervisor,0.0
1.0240000000000007,z,0,supervisor,1.025
1.0240000000000007,z,1,supervisor,0.0
1.0320000000000007,x,0,supervisor,0.0
1.0320000000000007,x,1,supervisor,0.0
1.0320000000000007,y,0,supervisor,1.225
1.0320000000000007,y,1,supervisor,0.0
1.0320000000000007,z,0,supervisor,1.025
1.0320000000000007,z,1,supervisor,0.0
1.0400000000000007,x,0,supervisor,0.0
1.0400000000000007,x,1,supervisor,0.0
1.0400000000000007,y,0,supervisor,1.225
1.0400000000000007,y,1,supervisor,0.0
1.0400000000000007,z,0,supervisor,1.025
1.0400000000000007,z,1,supervisor,0.0
1.0480000000000007,x,0,supervisor,0.0
1.0480000000000007,x,1,supervisor,0.0
1.0480000000000007,y,0,supervisor,1.225
1.0480000000000007,y,1,supervisor,0.0
1.0480000000000007,z,0,supervisor,1.025
1.0480000000000007,z,1,supervisor,0.0
1.0560000000000007,x,0,supervisor,0.0
1.0560000000000007,x,1,supervisor,0.0
1.0560000000000007,y,0,supervisor,1.225
1.0560000000000007,y,1,supervisor,0.0
1.0560000000000007,z,0,supervisor,1.025
1.0560000000000007,z,1,supervisor,0.0
1.0640000000000007,x,0,supervisor,0.0
1.0640000000000007,x,1,supervisor,0.0
1.0640000000000007,y,0,supervisor,1.225
1.0640000000000007,y,1,supervisor,0.0
1.0640000000000007,z,0,supervisor,1.025
1.0640000000000007,z,1,supervisor,0.0
1.0720000000000007,x,0,supervisor,0.0
1.0720000000000007,x,1,supervisor,0.0
1.0720000000000007,y,0,supervisor,1.225
1.0720000000000007,y,1,supervisor,0.0
1.0720000000000007,z,0,supervisor,1.025
1.0720000000000007,z,1,supervisor,0.0
1.0800000000000007,x,0,supervisor,0.0
1.0800000000000007,x,1,supervisor,0.0
1.0800000000000007,y,0,supervisor,1.225
1.0800000000000007,y,1,supervisor,0.0
1.0800000000000007,z,0,supervisor,1.025
1.0800000000000007,z,1,supervisor,0.0
1.0880000000000007,x,0,supervisor,0.0
1.0880000000000007,x,1,supervisor,0.0
1.0880000000000007,y,0,supervisor,1.225
1.0880000000000007,y,1,supervisor,0.0
1.0880000000000007,z,0,supervisor,1.025
1.0880000000000007,z,1,supervisor,0.0
1.0960000000000008,x,0,supervisor,0.0
1.0960000000000008,x,1,supervisor,0.0
1.0960000000000008,y,0,supervisor,1.225
1.0960000000000008,y,1,supervisor,0.0
1.0960000000000008,z,0,supervisor,1.025
1.0960000000000008,z,1,supervisor,0.0
1.1040000000000008,x,0,supervisor,0.0
1.1040000000000008,x,1,supervisor,0.0
1.1040000000000008,y,0,supervisor,1.225
1.1040000000000008,y,1,supervisor,0.0
1.1040000000000008,z,0,supervisor,1.025
1.1040000000000008,z,1,supervisor,0.0
1.1120000000000008,x,0,supervisor,0.0
1.1120000000000008,x,1,supervisor,0.0
1.1120000000000008,y,0,supervisor,1.225
1.1120000000000008,y,1,supervisor,0.0
1.1120000000000008,z,0,supervisor,1.025
1.1120000000000008,z,1,supervisor,0.0
1.1200000000000008,x,0,supervisor,0.0
1.1200000000000008,x,1,supervisor,0.0
1.1200000000000008,y,0,supervisor,1.225
1.1200000000000008,y,1,supervisor,0.0
1.1200000000000008,z,0,supervisor,1.025
1.1200000000000008,z,1,supervisor,0.0
1.1280000000000008,x,0,supervisor,0.0
1.1280000000000008,x,1,supervisor,0.0
1.1280000000000008,y,0,supervisor,1.225
1.1280000000000008,y,1,supervisor,0.0
1.1280000000000008,z,0,supervisor,1.025
1.1280000000000008,z,1,supervisor,0.0
1.1360000000000008,x,0,supervisor,0.0
1.1360000000000008,x,1,supervisor,0.0
1.1360000000000008,y,0,supervisor,1.225
1.1360000000000008,y,1,supervisor,0.0
1.1360000000000008,z,0,supervisor,1.025
1.1360000000000008,z,1,supervisor,0.0
1.1440000000000008,x,0,supervisor,0.0
1.1440000000000008,x,1,supervisor,0.0
1.1440000000000008,y,0,supervisor,1.225
1.1440000000000008,y,1,supervisor,0.0
1.1440000000000008,z,0,supervisor,1.025
1.1440000000000008,z,1,supervisor,0.0
1.1520000000000008,x,0,supervisor,0.0
1.1520000000000008,x,1,supervisor,0.0
1.1520000000000008,y,0,supervisor,1.225
1.1520000000000008,y,1,supervisor,0.0
1.1520000000000008,z,0,supervisor,1.025
1.1520000000000008,z,1,supervisor,0.0
1.1600000000000008,x,0,supervisor,0.0
1.1600000000000008,x,1,supervisor,0.0
1.1600000000000008,y,0,supervisor,1.225
1.1600000000000008,y,1,supervisor,0.0
1.1600000000000008,z,0,supervisor,1.025
1.1600000000000008,z,1,supervisor,0.0
1.1680000000000008,x,0,supervisor,0.0
1.1680000000000008,x,1,supervisor,0.0
1.1680000000000008,y,0,supervisor,1.225
1.1680000000000008,y,1,supervisor,0.0
1.1680000000000008,z,0,supervisor,1.025
1.1680000000000008,z,1,supervisor,0.0
1.1760000000000008,x,0,supervisor,0.0
1.1760000000000008,x,1,supervisor,0.0
1.1760000000000008,y,0,supervisor,1.225
1.1760000000000008,y,1,supervisor,0.0
1.1760000000000008,z,0,supervisor,1.025
1.1760000000000008,z,1,supervisor,0.0
1.1840000000000008,x,0,supervisor,0.0
1.1840000000000008,x,1,supervisor,0.0
1.1840000000000008,y,0,supervisor,1.225
1.1840000000000008,y,1,supervisor,0.0
1.1840000000000008,z,0,supervisor,1.025
1.1840000000000008,z,1,supervisor,0.0
1.1920000000000008,x,0,supervisor,0.0
1.1920000000000008,x,1,supervisor,0.0
1.1920000000000008,y,0,supervisor,1.225
1.1920000000000008,y,1,supervisor,0.0
1.1920000000000008,z,0,supervisor,1.025
1.1920000000000008,z,1,supervisor,0.0
1.2000000000000008,x,0,supervisor,0.0
1.2000000000000008,x,1,supervisor,0.0
1.2000000000000008,y,0,supervisor,1.225
1.2000000000000008,y,1,supervisor,0.0
1.2000000000000008,z,0,supervisor,1.025
1.2000000000000008,z,1,supervisor,0.0
1.2080000000000009,x,0,supervisor,0.0
1.2080000000000009,x,1,supervisor,0.0
1.2080000000000009,y,0,supervisor,1.225
1.2080000000000009,y,1,supervisor,0.0
1.2080000000000009,z,0,supervisor,1.025
1.2080000000000009,z,1,supervisor,0.0
1.2160000000000009,x,0,supervisor,0.0
1.2160000000000009,x,1,supervisor,0.0
1.2160000000000009,y,0,supervisor,1.225
1.2160000000000009,y,1,supervisor,0.0
1.2160000000000009,z,0,supervisor,1.025
1.2160000000000009,z,1,supervisor,0.0
1.2240000000000009,x,0,supervisor,0.0
1.2240000000000009,x,1,supervisor,0.0
1.2240000000000009,y,0,supervisor,1.225
1.2240000000000009,y,1,supervisor,0.0
1.2240000000000009,z,0,supervisor,1.025
1.2240000000000009,z,1,supervisor,0.0
1.2320000000000009,x,0,supervisor,0.0
1.2320000000000009,x,1,supervisor,0.0
1.2320000000000009,y,0,supervisor,1.225
1.2320000000000009,y,1,supervisor,0.0
1.2320000000000009,z,0,supervisor,1.025
1.2320000000000009,z,1,supervisor,0.0
1.2400000000000009,x,0,supervisor,0.0
1.2400000000000009,x,1,supervisor,0.0
1.2400000000000009,y,0,supervisor,1.225
1.2400000000000009,y,1,supervisor,0.0
1.2400000000000009,z,0,supervisor,1.025
1.2400000000000009,z,1,supervisor,0.0
1.2480000000000009,x,0,supervisor,0.0
1.2480000000000009,x,1,supervisor,0.0
1.2480000000000009,y,0,supervisor,1.225
1.2480000000000009,y,1,supervisor,0.0
1.2480000000000009,z,0,supervisor,1.025
1.2480000000000009,z,1,supervisor,0.0
1.256000000000001,x,0,supervisor,0.0
1.256000000000001,x,1,supervisor,0.0
1.256000000000001,y,0,supervisor,1.225
1.256000000000001,y,1,supervisor,0.0
1.256000000000001,z,0,supervisor,1.025
1.256000000000001,z,1,supervisor,0.0
1.264000000000001,x,0,supervisor,0.0
1.264000000000001,x,1,supervisor,0.0
1.264000000000001,y,0,supervisor,1.225
1.264000000000001,y,1,supervisor,0.0
1.264000000000001,z,0,supervisor,1.025
1.264000000000001,z,1,supervisor,0.0
1.272000000000001,x,0,supervisor,0.0
1.272000000000001,x,1,supervisor,0.0
1.272000000000001,y,0,supervisor,1.225
1.272000000000001,y,1,supervisor,0.0
1.272000000000001,z,0,supervisor,1.025
1.272000000000001,z,1,supervisor,0.0
1.280000000000001,x,0,supervisor,0.0
1.280000000000001,x,1,supervisor,0.0
1.280000000000001,y,0,supervisor,1.225
1.280000000000001,y,1,supervisor,0.0
1.280000000000001,z,0,supervisor,1.025
1.280000000000001,z,1,supervisor,0.0
1.288000000000001,x,0,supervisor,0.0
1.288000000000001,x,1,supervisor,0.0
1.288000000000001,y,0,supervisor,1.225
1.288000000000001,y,1,supervisor,0.0
1.288000000000001,z,0,supervisor,1.025
1.288000000000001,z,1,supervisor,0.0
1.296000000000001,x,0,supervisor,0.0
1.296000000000001,x,1,supervisor,0.0
1.296000000000001,y,0,supervisor,1.225
1.296000000000001,y,1,supervisor,0.0
1.296000000000001,z,0,supervisor,1.025
1.296000000000001,z,1,supervisor,0.0
1.304000000000001,x,0,supervisor,0.0
1.304000000000001,x,1,supervisor,0.0
1.304000000000001,y,0,supervisor,1.225
1.304000000000001,y,1,supervisor,0.0
1.304000000000001,z,0,supervisor,1.025
1.304000000000001,z,1,supervisor,0.0
1.312000000000001,x,0,supervisor,0.0
1.312000000000001,x,1,supervisor,0.0
1.312000000000001,y,0,supervisor,1.225
1.312000000000001,y,1,supervisor,0.0
1.312000000000001,z,0,supervisor,1.025
1.312000000000001,z,1,supervisor,0.0
1.320000000000001,x,0,supervisor,0.0
1.320000000000001,x,1,supervisor,0.0
1.320000000000001,y,0,supervisor,1.225
1.320000000000001,y,1,supervisor,0.0
1.320000000000001,z,0,supervisor,1.025
1.320000000000001,z,1,supervisor,0.0
1.328000000000001,x,0,supervisor,0.0
1.328000000000001,x,1,supervisor,0.0
1.328000000000001,y,0,supervisor,1.225
1.328000000000001,y,1,supervisor,0.0
1.328000000000001,z,0,supervisor,1.025
1.328000000000001,z,1,supervisor,0.0
1.336000000000001,x,0,supervisor,0.0
1.336000000000001,x,1,supervisor,0.0
1.336000000000001,y,0,supervisor,1.225
1.336000000000001,y,1,supervisor,0.0
1.336000000000001,z,0,supervisor,1.025
1.336000000000001,z,1,supervisor,0.0
1.344000000000001,x,0,supervisor,0.0
1.344000000000001,x,1,supervisor,0.0
1.344000000000001,y,0,supervisor,1.225
1.344000000000001,y,1,supervisor,0.0
1.344000000000001,z,0,supervisor,1.025
1.344000000000001,z,1,supervisor,0.0
1.352000000000001,x,0,supervisor,0.0
1.352000000000001,x,1,supervisor,0.0
1.352000000000001,y,0,supervisor,1.225
1.352000000000001,y,1,supervisor,0.0
1.352000000000001,z,0,supervisor,1.025
1.352000000000001,z,1,supervisor,0.0
1.360000000000001,x,0,supervisor,0.0
1.360000000000001,x,1,supervisor,0.0
1.360000000000001,y,0,supervisor,1.225
1.360000000000001,y,1,supervisor,0.0
1.360000000000001,z,0,supervisor,1.025
1.360000000000001,z,1,supervisor,0.0
1.368000000000001,x,0,supervisor,0.0
1.368000000000001,x,1,supervisor,0.0
1.368000000000001,y,0,supervisor,1.225
1.368000000000001,y,1,supervisor,0.0
1.368000000000001,z,0,supervisor,1.025
1.368000000000001,z,1,supervisor,0.0
1.376000000000001,x,0,supervisor,0.0
1.376000000000001,x,1,supervisor,0.0
1.376000000000001,y,0,supervisor,1.225
1.376000000000001,y,1,supervisor,0.0
1.376000000000001,z,0,supervisor,1.025
1.376000000000001,z,1,supervisor,0.0
1.384000000000001,x,0,supervisor,0.0
1.384000000000001,x,1,supervisor,0.0
1.384000000000001,y,0,supervisor,1.225
1.384000000000001,y,1,supervisor,0.0
1.384000000000001,z,0,supervisor,1.025
1.384000000000001,z,1,supervisor,0.0
1.392000000000001,x,0,supervisor,0.0
1.392000000000001,x,1,supervisor,0.0
1.392000000000001,y,0,supervisor,1.225
1.392000000000001,y,1,supervisor,0.0
1.392000000000001,z,0,supervisor,1.025
1.392000000000001,z,1,supervisor,0.0
1.400000000000001,x,0,supervisor,0.0
1.400000000000001,x,1,supervisor,0.0
1.400000000000001,y,0,supervisor,1.225
1.400000000000001,y,1,supervisor,0.0
1.400000000000001,z,0,supervisor,1.025
1.400000000000001,z,1,supervisor,0.0
1.408000000000001,x,0,supervisor,0.0
1.408000000000001,x,1,supervisor,0.0
1.408000000000001,y,0,supervisor,1.225
1.408000000000001,y,1,supervisor,0.0
1.408000000000001,z,0,supervisor,1.025
1.408000000000001,z,1,supervisor,0.0
1.416000000000001,x,0,supervisor,0.0
1.416000000000001,x,1,supervisor,0.0
1.416000000000001,y,0,supervisor,1.225
1.416000000000001,y,1,supervisor,0.0
1.416000000000001,z,0,supervisor,1.025
1.416000000000001,z,1,supervisor,0.0
1.424000000000001,x,0,supervisor,0.0
1.424000000000001,x,1,supervisor,0.0
1.424000000000001,y,0,supervisor,1.225
1.424000000000001,y,1,supervisor,0.0
1.424000000000001,z,0,supervisor,1.025
1.424000000000001,z,1,supervisor,0.0
1.432000000000001,x,0,supervisor,0.0
1.432000000000001,x,1,supervisor,0.0
1.432000000000001,y,0,supervisor,1.225
1.432000000000001,y,1,supervisor,0.0
1.432000000000001,z,0,supervisor,1.025
1.432000000000001,z,1,supervisor,0.0
1.440000000000001,x,0,supervisor,0.0
1.440000000000001,x,1,supervisor,0.0
1.440000000000001,y,0,supervisor,1.225
1.440000000000001,y,1,supervisor,0.0
1.440000000000001,z,0,supervisor,1.025
1.440000000000001,z,1,supervisor,0.0
1.448000000000001,x,0,supervisor,0.0
1.448000000000001,x,1,supervisor,0.0
1.448000000000001,y,0,supervisor,1.225
1.448000000000001,y,1,supervisor,0.0
1.448000000000001,z,0,supervisor,1.025
1.448000000000001,z,1,supervisor,0.0
1.456000000000001,x,0,supervisor,0.0
1.456000000000001,x,1,supervisor,0.0
1.456000000000001,y,0,supervisor,1.225
1.456000000000001,y,1,supervisor,0.0
1.456000000000001,z,0,supervisor,1.025
1.456000000000001,z,1,supervisor,0.0
1.464000000000001,x,0,supervisor,0.0
1.464000000000001,x,1,supervisor,0.0
1.464000000000001,y,0,supervisor,1.225
1.464000000000001,y,1,supervisor,0.0
1.464000000000001,z,0,supervisor,1.025
1.464000000000001,z,1,supervisor,0.0
1.472000000000001,x,0,supervisor,0.0
1.472000000000001,x,1,supervisor,0.0
1.472000000000001,y,0,supervisor,1.225
1.472000000000001,y,1,supervisor,0.0
1.472000000000001,z,0,supervisor,1.025
1.472000000000001,z,1,supervisor,0.0
1.480000000000001,x,0,supervisor,0.0
1.480000000000001,x,1,supervisor,0.0
1.480000000000001,y,0,supervisor,1.225
1.480000000000001,y,1,supervisor,0.0
1.480000000000001,z,0,supervisor,1.025
1.480000000000001,z,1,supervisor,0.0
1.488000000000001,x,0,supervisor,0.0
1.488000000000001,x,1,supervisor,0.0
1.488000000000001,y,0,supervisor,1.225
1.488000000000001,y,1,supervisor,0.0
1.488000000000001,z,0,supervisor,1.025
1.488000000000001,z,1,supervisor,0.0
1.496000000000001,x,0,supervisor,0.0
1.496000000000001,x,1,supervisor,0.0
1.496000000000001,y,0,supervisor,1.225
1.496000000000001,y,1,supervisor,0.0
1.496000000000001,z,0,supervisor,1.025
1.496000000000001,z,1,supervisor,0.0
1.5040000000000011,x,0,supervisor,0.0
1.5040000000000011,x,1,supervisor,0.0
1.5040000000000011,y,0,supervisor,1.225
1.5040000000000011,y,1,supervisor,0.0
1.5040000000000011,z,0,supervisor,1.025
1.5040000000000011,z,1,supervisor,0.0
1.5120000000000011,x,0,supervisor,0.0
1.5120000000000011,x,1,supervisor,0.0
1.5120000000000011,y,0,supervisor,1.225
1.5120000000000011,y,1,supervisor,0.0
1.5120000000000011,z,0,supervisor,1.025
1.5120000000000011,z,1,supervisor,0.0
1.5200000000000011,x,0,supervisor,0.0
1.5200000000000011,x,1,supervisor,0.0
1.5200000000000011,y,0,supervisor,1.225
1.5200000000000011,y,1,supervisor,0.0
1.5200000000000011,z,0,supervisor,1.025
1.5200000000000011,z,1,supervisor,0.0
1.5280000000000011,x,0,supervisor,0.0
1.5280000000000011,x,1,supervisor,0.0
1.5280000000000011,y,0,supervisor,1.225
1.5280000000000011,y,1,supervisor,0.0
1.5280000000000011,z,0,supervisor,1.025
1.5280000000000011,z,1,supervisor,0.0
1.5360000000000011,x,0,supervisor,0.0
1.5360000000000011,x,1,supervisor,0.0
1.5360000000000011,y,0,supervisor,1.225
1.5360000000000011,y,1,supervisor,0.0
1.5360000000000011,z,0,supervisor,1.025
1.5360000000000011,z,1,supervisor,0.0
1.5440000000000011,x,0,supervisor,0.0
1.5440000000000011,x,1,supervisor,0.0
1.5440000000000011,y,0,supervisor,1.225
1.5440000000000011,y,1,supervisor,0.0
1.5440000000000011,z,0,supervisor,1.025
1.5440000000000011,z,1,supervisor,0.0
1.5520000000000012,x,0,supervisor,0.0
1.5520000000000012,x,1,supervisor,0.0
1.5520000000000012,y,0,supervisor,1.225
1.5520000000000012,y,1,supervisor,0.0
1.5520000000000012,z,0,supervisor,1.025
1.5520000000000012,z,1,supervisor,0.0
1.5600000000000012,x,0,supervisor,0.0
1.5600000000000012,x,1,supervisor,0.0
1.5600000000000012,y,0,supervisor,1.225
1.5600000000000012,y,1,supervisor,0.0
1.5600000000000012,z,0,supervisor,1.025
1.5600000000000012,z,1,supervisor,0.0
1.5680000000000012,x,0,supervisor,0.0
1.5680000000000012,x,1,supervisor,0.0
1.5680000000000012,y,0,supervisor,1.225
1.5680000000000012,y,1,supervisor,0.0
1.5680000000000012,z,0,supervisor,1.025
1.5680000000000012,z,1,supervisor,0.0
1.5760000000000012,x,0,supervisor,0.0
1.5760000000000012,x,1,supervisor,0.0
1.5760000000000012,y,0,supervisor,1.225
1.5760000000000012,y,1,supervisor,0.0
1.5760000000000012,z,0,supervisor,1.025
1.5760000000000012,z,1,supervisor,0.0
1.5840000000000012,x,0,supervisor,0.0
1.5840000000000012,x,1,supervisor,0.0
1.5840000000000012,y,0,supervisor,1.225
1.5840000000000012,y,1,supervisor,0.0
1.5840000000000012,z,0,supervisor,1.025
1.5840000000000012,z,1,supervisor,0.0
1.5920000000000012,x,0,supervisor,0.0
1.5920000000000012,x,1,supervisor,0.0
1.5920000000000012,y,0,supervisor,1.225
1.5920000000000012,y,1,supervisor,0.0
1.5920000000000012,z,0,supervisor,1.025
1.5920000000000012,z,1,supervisor,0.0
1.6000000000000012,x,0,supervisor,0.0
1.6000000000000012,x,1,supervisor,0.0
1.6000000000000012,y,0,supervisor,1.225
1.6000000000000012,y,1,supervisor,0.0
1.6000000000000012,z,0,supervisor,1.025
1.6000000000000012,z,1,supervisor,0.0
1.6080000000000012,x,0,supervisor,0.0
1.6080000000000012,x,1,supervisor,0.0
1.6080000000000012,y,0,supervisor,1.225
1.6080000000000012,y,1,supervisor,0.0
1.6080000000000012,z,0,supervisor,1.025
1.6080000000000012,z,1,supervisor,0.0
1.6160000000000012,x,0,supervisor,0.0
1.6160000000000012,x,1,supervisor,0.0
1.6160000000000012,y,0,supervisor,1.225
1.6160000000000012,y,1,supervisor,0.0
1.6160000000000012,z,0,supervisor,1.025
1.6160000000000012,z,1,supervisor,0.0
1.6240000000000012,x,0,supervisor,0.0
1.6240000000000012,x,1,supervisor,0.0
1.6240000000000012,y,0,supervisor,1.225
1.6240000000000012,y,1,supervisor,0.0
1.6240000000000012,z,0,supervisor,1.025
1.6240000000000012,z,1,supervisor,0.0
1.6320000000000012,x,0,supervisor,0.0
1.6320000000000012,x,1,supervisor,0.0
1.6320000000000012,y,0,supervisor,1.225
1.6320000000000012,y,1,supervisor,0.0
1.6320000000000012,z,0,supervisor,1.025
1.6320000000000012,z,1,supervisor,0.0
1.6400000000000012,x,0,supervisor,0.0
1.6400000000000012,x,1,supervisor,0.0
1.6400000000000012,y,0,supervisor,1.225
1.6400000000000012,y,1,supervisor,0.0
1.6400000000000012,z,0,supervisor,1.025
1.6400000000000012,z,1,supervisor,0.0
1.6480000000000012,x,0,supervisor,0.0
1.6480000000000012,x,1,supervisor,0.0
1.6480000000000012,y,0,supervisor,1.225
1.6480000000000012,y,1,supervisor,0.0
1.6480000000000012,z,0,supervisor,1.025
1.6480000000000012,z,1,supervisor,0.0
1.6560000000000012,x,0,supervisor,0.0
1.6560000000000012,x,1,supervisor,0.0
1.6560000000000012,y,0,supervisor,1.225
1.6560000000000012,y,1,supervisor,0.0
1.6560000000000012,z,0,supervisor,1.025
1.6560000000000012,z,1,supervisor,0.0
1.6640000000000013,x,0,supervisor,0.0
1.6640000000000013,x,1,supervisor,0.0
1.6640000000000013,y,0,supervisor,1.225
1.6640000000000013,y,1,supervisor,0.0
1.6640000000000013,z,0,supervisor,1.025
1.6640000000000013,z,1,supervisor,0.0
1.6720000000000013,x,0,supervisor,0.0
1.6720000000000013,x,1,supervisor,0.0
1.6720000000000013,y,0,supervisor,1.225
1.6720000000000013,y,1,supervisor,0.0
1.6720000000000013,z,0,supervisor,1.025
1.6720000000000013,z,1,supervisor,0.0
1.6800000000000013,x,0,supervisor,0.0
1.6800000000000013,x,1,supervisor,0.0
1.6800000000000013,y,0,supervisor,1.225
1.6800000000000013,y,1,supervisor,0.0
1.6800000000000013,z,0,supervisor,1.025
1.6800000000000013,z,1,supervisor,0.0
1.6880000000000013,x,0,supervisor,0.0
1.6880000000000013,x,1,supervisor,0.0
1.6880000000000013,y,0,supervisor,1.225
1.6880000000000013,y,1,supervisor,0.0
1.6880000000000013,z,0,supervisor,1.025
1.6880000000000013,z,1,supervisor,0.0
1.6960000000000013,x,0,supervisor,0.0
1.6960000000000013,x,1,supervisor,0.0
1.6960000000000013,y,0,supervisor,1.225
1.6960000000000013,y,1,supervisor,0.0
1.6960000000000013,z,0,supervisor,1.025
1.6960000000000013,z,1,supervisor,0.0
1.7040000000000013,x,0,supervisor,0.0
1.7040000000000013,x,1,supervisor,0.0
1.7040000000000013,y,0,supervisor,1.225
1.7040000000000013,y,1,supervisor,0.0
1.7040000000000013,z,0,supervisor,1.025
1.7040000000000013,z,1,supervisor,0.0
1.7120000000000013,x,0,supervisor,0.0
1.7120000000000013,x,1,supervisor,0.0
1.7120000000000013,y,0,supervisor,1.225
1.7120000000000013,y,1,supervisor,0.0
1.7120000000000013,z,0,supervisor,1.025
1.7120000000000013,z,1,supervisor,0.0
1.7200000000000013,x,0,supervisor,0.0
1.7200000000000013,x,1,supervisor,0.0
1.7200000000000013,y,0,supervisor,1.225
1.7200000000000013,y,1,supervisor,0.0
1.7200000000000013,z,0,supervisor,1.025
1.7200000000000013,z,1,supervisor,0.0
1.7280000000000013,x,0,supervisor,0.0
1.7280000000000013,x,1,supervisor,0.0
1.7280000000000013,y,0,supervisor,1.225
1.7280000000000013,y,1,supervisor,0.0
1.7280000000000013,z,0,supervisor,1.025
1.7280000000000013,z,1,supervisor,0.0
1.7360000000000013,x,0,supervisor,0.0
1.7360000000000013,x,1,supervisor,0.0
1.7360000000000013,y,0,supervisor,1.225
1.7360000000000013,y,1,supervisor,0.0
1.7360000000000013,z,0,supervisor,1.025
1.7360000000000013,z,1,supervisor,0.0
1.7440000000000013,x,0,supervisor,0.0
1.7440000000000013,x,1,supervisor,0.0
1.7440000000000013,y,0,supervisor,1.225
1.7440000000000013,y,1,supervisor,0.0
1.7440000000000013,z,0,supervisor,1.025
1.7440000000000013,z,1,supervisor,0.0
1.7520000000000013,x,0,supervisor,0.0
1.7520000000000013,x,1,supervisor,0.0
1.7520000000000013,y,0,supervisor,1.225
1.7520000000000013,y,1,supervisor,0.0
1.7520000000000013,z,0,supervisor,1.025
1.7520000000000013,z,1,supervisor,0.0
1.7600000000000013,x,0,supervisor,0.0
1.7600000000000013,x,1,supervisor,0.0
1.7600000000000013,y,0,supervisor,1.225
1.7600000000000013,y,1,supervisor,0.0
1.7600000000000013,z,0,supervisor,1.025
1.7600000000000013,z,1,supervisor,0.0
1.7680000000000013,x,0,supervisor,0.0
1.7680000000000013,x,1,supervisor,0.0
1.7680000000000013,y,0,supervisor,1.225
1.7680000000000013,y,1,supervisor,0.0
1.7680000000000013,z,0,supervisor,1.025
1.7680000000000013,z,1,supervisor,0.0
1.7760000000000014,x,0,supervisor,0.0
1.7760000000000014,x,1,supervisor,0.0
1.7760000000000014,y,0,supervisor,1.225
1.7760000000000014,y,1,supervisor,0.0
1.7760000000000014,z,0,supervisor,1.025
1.7760000000000014,z,1,supervisor,0.0
1.7840000000000014,x,0,supervisor,0.0
1.7840000000000014,x,1,supervisor,0.0
1.7840000000000014,y,0,supervisor,1.225
1.7840000000000014,y,1,supervisor,0.0
1.7840000000000014,z,0,supervisor,1.025
1.7840000000000014,z,1,supervisor,0.0
1.7920000000000014,x,0,supervisor,0.0
1.7920000000000014,x,1,supervisor,0.0
1.7920000000000014,y,0,supervisor,1.225
1.7920000000000014,y,1,supervisor,0.0
1.7920000000000014,z,0,supervisor,1.025
1.7920000000000014,z,1,supervisor,0.0
1.8000000000000014,x,0,supervisor,0.0
1.8000000000000014,x,1,supervisor,0.0
1.8000000000000014,y,0,supervisor,1.225
1.8000000000000014,y,1,supervisor,0.0
1.8000000000000014,z,0,supervisor,1.025
1.8000000000000014,z,1,supervisor,0.0
1.8080000000000014,x,0,supervisor,0.0
1.8080000000000014,x,1,supervisor,0.0
1.8080000000000014,y,0,supervisor,1.225
1.8080000000000014,y,1,supervisor,0.0
1.8080000000000014,z,0,supervisor,1.025
1.8080000000000014,z,1,supervisor,0.0
1.8160000000000014,x,0,supervisor,0.0
1.8160000000000014,x,1,supervisor,0.0
1.8160000000000014,y,0,supervisor,1.225
1.8160000000000014,y,1,supervisor,0.0
1.8160000000000014,z,0,supervisor,1.025
1.8160000000000014,z,1,supervisor,0.0
1.8240000000000014,x,0,supervisor,0.0
1.8240000000000014,x,1,supervisor,0.0
1.8240000000000014,y,0,supervisor,1.225
1.8240000000000014,y,1,supervisor,0.0
1.8240000000000014,z,0,supervisor,1.025
1.8240000000000014,z,1,supervisor,0.0
1.8320000000000014,x,0,supervisor,0.0
1.8320000000000014,x,1,supervisor,0.0
1.8320000000000014,y,0,supervisor,1.225
1.8320000000000014,y,1,supervisor,0.0
1.8320000000000014,z,0,supervisor,1.025
1.8320000000000014,z,1,supervisor,0.0
1.8400000000000014,x,0,supervisor,0.0
1.8400000000000014,x,1,supervisor,0.0
1.8400000000000014,y,0,supervisor,1.225
1.8400000000000014,y,1,supervisor,0.0
1.8400000000000014,z,0,supervisor,1.025
1.8400000000000014,z,1,supervisor,0.0
1.8480000000000014,x,0,supervisor,0.0
1.8480000000000014,x,1,supervisor,0.0
1.8480000000000014,y,0,supervisor,1.225
1.8480000000000014,y,1,supervisor,0.0
1.8480000000000014,z,0,supervisor,1.025
1.8480000000000014,z,1,supervisor,0.0
1.8560000000000014,x,0,supervisor,0.0
1.8560000000000014,x,1,supervisor,0.0
1.8560000000000014,y,0,supervisor,1.225
1.8560000000000014,y,1,supervisor,0.0
1.8560000000000014,z,0,supervisor,1.025
1.8560000000000014,z,1,supervisor,0.0
1.8640000000000014,x,0,supervisor,0.0
1.8640000000000014,x,1,supervisor,0.0
1.8640000000000014,y,0,supervisor,1.225
1.8640000000000014,y,1,supervisor,0.0
1.8640000000000014,z,0,supervisor,1.025
1.8640000000000014,z,1,supervisor,0.0
1.8720000000000014,x,0,supervisor,0.0
1.8720000000000014,x,1,supervisor,0.0
1.8720000000000014,y,0,supervisor,1.225
1.8720000000000014,y,1,supervisor,0.0
1.8720000000000014,z,0,supervisor,1.025
1.8720000000000014,z,1,supervisor,0.0
1.8800000000000014,x,0,supervisor,0.0
1.8800000000000014,x,1,supervisor,0.0
1.8800000000000014,y,0,supervisor,1.225
1.8800000000000014,y,1,supervisor,0.0
1.8800000000000014,z,0,supervisor,1.025
1.8800000000000014,z,1,supervisor,0.0
1.8880000000000015,x,0,supervisor,0.0
1.8880000000000015,x,1,supervisor,0.0
1.8880000000000015,y,0,supervisor,1.225
1.8880000000000015,y,1,supervisor,0.0
1.8880000000000015,z,0,supervisor,1.025
1.8880000000000015,z,1,supervisor,0.0
1.8960000000000015,x,0,supervisor,0.0
1.8960000000000015,x,1,supervisor,0.0
1.8960000000000015,y,0,supervisor,1.225
1.8960000000000015,y,1,supervisor,0.0
1.8960000000000015,z,0,supervisor,1.025
1.8960000000000015,z,1,supervisor,0.0
1.9040000000000015,x,0,supervisor,0.0
1.9040000000000015,x,1,supervisor,0.0
1.9040000000000015,y,0,supervisor,1.225
1.9040000000000015,y,1,supervisor,0.0
1.9040000000000015,z,0,supervisor,1.025
1.9040000000000015,z,1,supervisor,0.0
1.9120000000000015,x,0,supervisor,0.0
1.9120000000000015,x,1,supervisor,0.0
1.9120000000000015,y,0,supervisor,1.225
1.9120000000000015,y,1,supervisor,0.0
1.9120000000000015,z,0,supervisor,1.025
1.9120000000000015,z,1,supervisor,0.0
1.9200000000000015,x,0,supervisor,0.0
1.9200000000000015,x,1,supervisor,0.0
1.9200000000000015,y,0,supervisor,1.225
1.9200000000000015,y,1,supervisor,0.0
1.9200000000000015,z,0,supervisor,1.025
1.9200000000000015,z,1,supervisor,0.0
1.9280000000000015,x,0,supervisor,0.0
1.9280000000000015,x,1,supervisor,0.0
1.9280000000000015,y,0,supervisor,1.225
1.9280000000000015,y,1,supervisor,0.0
1.9280000000000015,z,0,supervisor,1.025
1.9280000000000015,z,1,supervisor,0.0
1.9360000000000015,x,0,supervisor,0.0
1.9360000000000015,x,1,supervisor,0.0
1.9360000000000015,y,0,supervisor,1.225
1.9360000000000015,y,1,supervisor,0.0
1.9360000000000015,z,0,supervisor,1.025
1.9360000000000015,z,1,supervisor,0.0
1.9440000000000015,x,0,supervisor,0.0
1.9440000000000015,x,1,supervisor,0.0
1.9440000000000015,y,0,supervisor,1.225
1.9440000000000015,y,1,supervisor,0.0
1.9440000000000015,z,0,supervisor,1.025
1.9440000000000015,z,1,supervisor,0.0
1.9520000000000015,x,0,supervisor,0.0
1.9520000000000015,x,1,supervisor,0.0
1.9520000000000015,y,0,supervisor,1.225
1.9520000000000015,y,1,supervisor,0.0
1.9520000000000015,z,0,supervisor,1.025
1.9520000000000015,z,1,supervisor,0.0
1.9600000000000015,x,0,supervisor,0.0
1.9600000000000015,x,1,supervisor,0.0
1.9600000000000015,y,0,supervisor,1.225
1.9600000000000015,y,1,supervisor,0.0
1.9600000000000015,z,0,supervisor,1.025
1.9600000000000015,z,1,supervisor,0.0
1.9680000000000015,x,0,supervisor,0.0
1.9680000000000015,x,1,supervisor,0.0
1.9680000000000015,y,0,supervisor,1.225
1.9680000000000015,y,1,supervisor,0.0
1.9680000000000015,z,0,supervisor,1.025
1.9680000000000015,z,1,supervisor,0.0
1.9760000000000015,x,0,supervisor,0.0
1.9760000000000015,x,1,supervisor,0.0
1.9760000000000015,y,0,supervisor,1.225
1.9760000000000015,y,1,supervisor,0.0
1.9760000000000015,z,0,supervisor,1.025
1.9760000000000015,z,1,supervisor,0.0
1.9840000000000015,x,0,supervisor,0.0
1.9840000000000015,x,1,supervisor,0.0
1.9840000000000015,y,0,supervisor,1.225
1.9840000000000015,y,1,supervisor,0.0
1.9840000000000015,z,0,supervisor,1.025
1.9840000000000015,z,1,supervisor,0.0
1.9920000000000015,x,0,supervisor,0.0
1.9920000000000015,x,1,supervisor,0.0
1.9920000000000015,y,0,supervisor,1.225
1.9920000000000015,y,1,supervisor,0.0
1.9920000000000015,z,0,supervisor,1.025
1.9920000000000015,z,1,supervisor,0.0
2.0000000000000013,x,0,supervisor,0.0
2.0000000000000013,x,1,supervisor,0.0
2.0000000000000013,y,0,supervisor,1.225
2.0000000000000013,y,1,supervisor,0.0
2.0000000000000013,z,0,supervisor,1.025
2.0000000000000013,z,1,supervisor,0.0
2.0080000000000013,x,0,supervisor,0.0
2.0080000000000013,x,1,supervisor,0.0
2.0080000000000013,y,0,supervisor,1.225
2.0080000000000013,y,1,supervisor,0.0
2.0080000000000013,z,0,supervisor,1.025
2.0080000000000013,z,1,supervisor,0.0
2.0160000000000013,x,0,supervisor,0.0
2.0160000000000013,x,1,supervisor,0.0
2.0160000000000013,y,0,supervisor,1.225
2.0160000000000013,y,1,supervisor,0.0
2.0160000000000013,z,0,supervisor,1.025
2.0160000000000013,z,1,supervisor,0.0
2.0240000000000014,x,0,supervisor,0.0
2.0240000000000014,x,1,supervisor,0.0
2.0240000000000014,y,0,supervisor,1.225
2.0240000000000014,y,1,supervisor,0.0
2.0240000000000014,z,0,supervisor,1.025
2.0240000000000014,z,1,supervisor,0.0
2.0320000000000014,x,0,supervisor,0.0
2.0320000000000014,x,1,supervisor,0.0
2.0320000000000014,y,0,supervisor,1.225
2.0320000000000014,y,1,supervisor,0.0
2.0320000000000014,z,0,supervisor,1.025
2.0320000000000014,z,1,supervisor,0.0
2.0400000000000014,x,0,supervisor,0.0
2.0400000000000014,x,1,supervisor,0.0
2.0400000000000014,y,0,supervisor,1.225
2.0400000000000014,y,1,supervisor,0.0
2.0400000000000014,z,0,supervisor,1.025
2.0400000000000014,z,1,supervisor,0.0
2.0480000000000014,x,0,supervisor,0.0
2.0480000000000014,x,1,supervisor,0.0
2.0480000000000014,y,0,supervisor,1.225
2.0480000000000014,y,1,supervisor,0.0
2.0480000000000014,z,0,supervisor,1.025
2.0480000000000014,z,1,supervisor,0.0
2.0560000000000014,x,0,supervisor,0.0
2.0560000000000014,x,1,supervisor,0.0
2.0560000000000014,y,0,supervisor,1.225
2.0560000000000014,y,1,supervisor,0.0
2.0560000000000014,z,0,supervisor,1.025
2.0560000000000014,z,1,supervisor,0.0
2.0640000000000014,x,0,supervisor,0.0
2.0640000000000014,x,1,supervisor,0.0
2.0640000000000014,y,0,supervisor,1.225
2.0640000000000014,y,1,supervisor,0.0
2.0640000000000014,z,0,supervisor,1.025
2.0640000000000014,z,1,supervisor,0.0
2.0720000000000014,x,0,supervisor,0.0
2.0720000000000014,x,1,supervisor,0.0
2.0720000000000014,y,0,supervisor,1.225
2.0720000000000014,y,1,supervisor,0.0
2.0720000000000014,z,0,supervisor,1.025
2.0720000000000014,z,1,supervisor,0.0
2.0800000000000014,x,0,supervisor,0.0
2.0800000000000014,x,1,supervisor,0.0
2.0800000000000014,y,0,supervisor,1.225
2.0800000000000014,y,1,supervisor,0.0
2.0800000000000014,z,0,supervisor,1.025
2.0800000000000014,z,1,supervisor,0.0
2.0880000000000014,x,0,supervisor,0.0
2.0880000000000014,x,1,supervisor,0.0
2.0880000000000014,y,0,supervisor,1.225
2.0880000000000014,y,1,supervisor,0.0
2.0880000000000014,z,0,supervisor,1.025
2.0880000000000014,z,1,supervisor,0.0
2.0960000000000014,x,0,supervisor,0.0
2.0960000000000014,x,1,supervisor,0.0
2.0960000000000014,y,0,supervisor,1.225
2.0960000000000014,y,1,supervisor,0.0
2.0960000000000014,z,0,supervisor,1.025
2.0960000000000014,z,1,supervisor,0.0
2.1040000000000014,x,0,supervisor,0.0
2.1040000000000014,x,1,supervisor,0.0
2.1040000000000014,y,0,supervisor,1.225
2.1040000000000014,y,1,supervisor,0.0
2.1040000000000014,z,0,supervisor,1.025
2.1040000000000014,z,1,supervisor,0.0
2.1120000000000014,x,0,supervisor,0.0
2.1120000000000014,x,1,supervisor,0.0
2.1120000000000014,y,0,supervisor,1.225
2.1120000000000014,y,1,supervisor,0.0
2.1120000000000014,z,0,supervisor,1.025
2.1120000000000014,z,1,supervisor,0.0
2.1200000000000014,x,0,supervisor,0.0
2.1200000000000014,x,1,supervisor,0.0
2.1200000000000014,y,0,supervisor,1.225
2.1200000000000014,y,1,supervisor,0.0
2.1200000000000014,z,0,supervisor,1.025
2.1200000000000014,z,1,supervisor,0.0
2.1280000000000014,x,0,supervisor,0.0
2.1280000000000014,x,1,supervisor,0.0
2.1280000000000014,y,0,supervisor,1.225
2.1280000000000014,y,1,supervisor,0.0
2.1280000000000014,z,0,supervisor,1.025
2.1280000000000014,z,1,supervisor,0.0
2.1360000000000015,x,0,supervisor,0.0
2.1360000000000015,x,1,supervisor,0.0
2.1360000000000015,y,0,supervisor,1.225
2.1360000000000015,y,1,supervisor,0.0
2.1360000000000015,z,0,supervisor,1.025
2.1360000000000015,z,1,supervisor,0.0
2.1440000000000015,x,0,supervisor,0.0
2.1440000000000015,x,1,supervisor,0.0
2.1440000000000015,y,0,supervisor,1.225
2.1440000000000015,y,1,supervisor,0.0
2.1440000000000015,z,0,supervisor,1.025
2.1440000000000015,z,1,supervisor,0.0
2.1520000000000015,x,0,supervisor,0.0
2.1520000000000015,x,1,supervisor,0.0
2.1520000000000015,y,0,supervisor,1.225
2.1520000000000015,y,1,supervisor,0.0
2.1520000000000015,z,0,supervisor,1.025
2.1520000000000015,z,1,supervisor,0.0
2.1600000000000015,x,0,supervisor,0.0
2.1600000000000015,x,1,supervisor,0.0
2.1600000000000015,y,0,supervisor,1.225
2.1600000000000015,y,1,supervisor,0.0
2.1600000000000015,z,0,supervisor,1.025
2.1600000000000015,z,1,supervisor,0.0
2.1680000000000015,x,0,supervisor,0.0
2.1680000000000015,x,1,supervisor,0.0
2.1680000000000015,y,0,supervisor,1.225
2.1680000000000015,y,1,supervisor,0.0
2.1680000000000015,z,0,supervisor,1.025
2.1680000000000015,z,1,supervisor,0.0
2.1760000000000015,x,0,supervisor,0.0
2.1760000000000015,x,1,supervisor,0.0
2.1760000000000015,y,0,supervisor,1.225
2.1760000000000015,y,1,supervisor,0.0
2.1760000000000015,z,0,supervisor,1.025
2.1760000000000015,z,1,supervisor,0.0
2.1840000000000015,x,0,supervisor,0.0
2.1840000000000015,x,1,supervisor,0.0
2.1840000000000015,y,0,supervisor,1.225
2.1840000000000015,y,1,supervisor,0.0
2.1840000000000015,z,0,supervisor,1.025
2.1840000000000015,z,1,supervisor,0.0
2.1920000000000015,x,0,supervisor,0.0
2.1920000000000015,x,1,supervisor,0.0
2.1920000000000015,y,0,supervisor,1.225
2.1920000000000015,y,1,supervisor,0.0
2.1920000000000015,z,0,supervisor,1.025
2.1920000000000015,z,1,supervisor,0.0
2.2000000000000015,x,0,supervisor,0.0
2.2000000000000015,x,1,supervisor,0.0
2.2000000000000015,y,0,supervisor,1.225
2.2000000000000015,y,1,supervisor,0.0
2.2000000000000015,z,0,supervisor,1.025
2.2000000000000015,z,1,supervisor,0.0
2.2080000000000015,x,0,supervisor,0.0
2.2080000000000015,x,1,supervisor,0.0
2.2080000000000015,y,0,supervisor,1.225
2.2080000000000015,y,1,supervisor,0.0
2.2080000000000015,z,0,supervisor,1.025
2.2080000000000015,z,1,supervisor,0.0
2.2160000000000015,x,0,supervisor,0.0
2.2160000000000015,x,1,supervisor,0.0
2.2160000000000015,y,0,supervisor,1.225
2.2160000000000015,y,1,supervisor,0.0
2.2160000000000015,z,0,supervisor,1.025
2.2160000000000015,z,1,supervisor,0.0
2.2240000000000015,x,0,supervisor,0.0
2.2240000000000015,x,1,supervisor,0.0
2.2240000000000015,y,0,supervisor,1.225
2.2240000000000015,y,1,supervisor,0.0
2.2240000000000015,z,0,supervisor,1.025
2.2240000000000015,z,1,supervisor,0.0
2.2320000000000015,x,0,supervisor,0.0
2.2320000000000015,x,1,supervisor,0.0
2.2320000000000015,y,0,supervisor,1.225
2.2320000000000015,y,1,supervisor,0.0
2.2320000000000015,z,0,supervisor,1.025
2.2320000000000015,z,1,supervisor,0.0
2.2400000000000015,x,0,supervisor,0.0
2.2400000000000015,x,1,supervisor,0.0
2.2400000000000015,y,0,supervisor,1.225
2.2400000000000015,y,1,supervisor,0.0
2.2400000000000015,z,0,supervisor,1.025
2.2400000000000015,z,1,supervisor,0.0
2.2480000000000016,x,0,supervisor,0.0
2.2480000000000016,x,1,supervisor,0.0
2.2480000000000016,y,0,supervisor,1.225
2.2480000000000016,y,1,supervisor,0.0
2.2480000000000016,z,0,supervisor,1.025
2.2480000000000016,z,1,supervisor,0.0
